250f5dd0-b0a4-45c7-a6ea-081384ed2182,zNussMonster
07ae9529-9c67-49c2-87c3-b4673554629f,Mauskratz
7a6b1f5a-753a-4fc1-b6a7-b70a0ed090ee,TheThreebadcats
82210c5e-a546-424f-972a-1f6b12ba21a7,L3Duck
4d537abc-e205-4258-b289-ac70d814b5db,WinniePat
f2c49e88-baa0-457b-a744-93ecc7ac493d,Vynar_
9f423b06-9b18-49ef-bd93-e0080f10bd5e,Mr_Schneemann
ac59cb06-2bbd-4709-9d18-1d8c0f3e1785,Tomclapsyou
09a8bdd5-08cf-48b9-b9e1-2b281758230c,bisschenBanane
2119af6d-539a-4ee5-b4ed-2df44fa62fb6,BigBrainRobin29
b9e38ca9-f86c-4894-bc9e-e615d5b6934f,yNicoYT
c9392cbf-ba57-4593-8d4f-dd856120cd4c,MacDoodle17
03bfa672-b2c0-4bd0-aa3d-075f687a8ec7,CommanderForelle
b9ecfd40-1fc0-4ad4-91f1-0391d9610651,Yakusha123
6a2fd62a-4c85-42fe-a0a4-797570c9ff1c,Vnendlich
2b337fc8-71da-4361-b119-21ae66a40cc3,simi0098
23332344-aa45-4e1a-8642-221dc5d3eec6,xXPVPBoB360MLGXx
f739dab3-278e-49e6-8de1-c6ba60c309ea,A2k0a
478a3ddb-295c-43d7-92bf-63219488f466,einfachnurMats
b3194965-e784-4c1c-9b57-66c6d29520d2,BreadTheFemboy
d6ef374c-3648-4b25-a22a-eda106df753b,Tenichiji
0c08e9d9-c663-470d-922d-5cc7c2d2672b,LeinniLID
1b4b6177-a6eb-405b-b02f-5bccd53f3fb8,nyxxo_
9ffa9f7a-7372-4971-9b9b-819d814f47b6,Mikasaaaaa
4b1202ce-5580-4923-b08b-5e215a52304c,Lallil
844ba0d0-5e7d-4cc6-b5ca-90d08a3ccbb5,oSlxme
8e6d02da-57c1-4401-9494-8476af86a5c8,CryptixBtw
567da671-24a4-4e1f-9c9c-b35e699a4c35,Fuchz
b29a5806-4089-439c-a09b-f86bc32c3d1a,KryptexPvP
d95eea91-251a-496f-8d23-79a4e71ab32c,n3in
cae89f56-434f-4813-a4a1-177c317ad981,SimPell
863696e5-2479-4b0d-936d-9c73ecdaaf5d,CooperSilver
cb35d44f-f183-4890-898a-2a4d710b0af9,SilentShowdown
a801e3de-25f3-4283-8825-dba5a8517440,retxLb6Moin
c1f5bdf7-63e4-4109-a844-094d66955adb,Flazockt
4c53cd85-98cd-4885-8a1a-ca0d720dd48d,Eispei220
634e7347-6d32-4cb9-9899-2370271ab372,Zendrik054
e89b54b6-ea64-422c-b162-3c5e8eeb35b1,Pfeffer1975
9e5e7235-8a4e-49c5-9e18-45fa2482cd45,einfachyannik_
ad294bff-e9ca-4dd1-a6c4-5367837ed95b,Tareax
817bd44c-cd83-4950-af8a-4f3cea9d80bb,Command435
a62630f5-ba0b-4d5c-b069-9ec05c592c37,hggkgs
e971ad29-123c-48b0-b69c-3815974ef52d,Somniumcards
423ad1cd-25ce-42e2-97ff-31628a23c97b,KLOETEN_BOXXEN
c53cb247-1105-4778-90ea-7bf252a1491a,Iprouu12
afecabdc-2aaf-4398-b87f-25cab1fa1b05,NOTNA32
1e0d0052-7d77-48d2-b0b7-dc51568eff5d,Nitro1089
ceaed636-ec60-4a96-bc9f-959b44f7348d,RedPandaTV
0a2a8824-0041-466f-953f-925dd8e53748,EvolNici
9078be1a-07ad-4f4a-b853-b64e5543811b,_Taida
93fa0fe0-f573-44f4-97c2-eb8d23e41b63,Just_Lxst
ac846f00-1622-4f7e-98ce-7c90c57ab47a,GodTrouvys
4e3df644-3f3e-4f23-a371-ef6809854a71,Nutellaninja22
5e492d5e-b610-4351-8fcb-b2fc4bdd3245,BestAuto
05dc971a-3943-465e-ab6a-bd56cafe2ec4,Pfadii
8dbef1be-4281-4e40-bdb6-afc0b5890c13,B3rtolo
9157a3c5-19ce-462b-a79f-50322304e637,MianProgrammer
3ce5d123-a315-438a-a166-68336c71c00a,EhSW
bab6fcb0-f974-483f-aefd-e8d0720daf29,einHopala
90a82dfd-f42d-4fe7-85a0-97d784bf47a0,Stockfoto
d58cb039-e3ca-4030-b925-bf2018741a12,Katzenghgyt
d7f13551-298c-411b-814d-3087f31a8c5f,JasonFelix
f76856c6-2766-4d19-b8ae-4ec2a5241f96,NighTrx
92cb8a99-3050-48dd-9bb6-8faf1e8c0cdf,Simsala6
3e61b527-c1ba-41df-8127-9db05f63d0b9,Dr_KiwiM
b25eba80-51e0-4fb0-9508-edaea635341e,BrightVoid
a595e931-2916-413f-a52d-236705016164,wozwolfgang1
ed2ecb48-e15b-4367-9cda-8f337745c051,Kojode
0d035f85-0a7c-473f-b882-dd6e6de0d5b6,3sgh
d3a50f9a-69a4-45b5-8be7-3f1e3b2d7fd9,DaasPapagei
619da7aa-b37b-427a-954e-79c211ca439e,Kiloner
b0d5b2bd-b7c0-4386-aec2-4306912adc6e,JayJayMu
9d0f8783-e774-4afc-8d60-5c2ee070bb1e,Sm0nke3y
91a205d3-9e5f-4313-b433-ec8079750b58,Shidoryyy
5949f0ca-0705-4b6d-8a4e-8a4945939167,JuPaMo2
c000887a-056e-49ec-8036-380e8e3abfda,_Fjnn
26124448-200c-4d1b-9934-472350423899,Frane24
85f2c654-75a5-4977-b39e-efdfbd2e7ddb,ExpertofClientz
608f237b-b704-45b6-a321-c42f32038395,NotDaZero
4225fe64-8dac-46d3-a66d-d8679f5d5d52,zomb9999
dd617071-24c4-41bf-b29b-a5d57419b1b9,wladimater
63387aa6-ab6e-44f4-9042-52eda9dee0df,FullRiskk
49ff46fa-e041-4753-9652-73112ee90e37,Jvcv
9adf991c-6cf2-4b16-a052-5c2c88a2f433,Black_one2434
6543e4f9-8af1-40ed-8f01-5e713f25cf7d,Furzkeks24
7b609763-1104-48ec-acf5-8b09b98b8707,Flamingo32123
408ea0ab-5196-4ebc-acb7-ebc19e69253c,LeyCM
a8a74d01-b5ac-4c91-b1c7-8e243789874b,Unlimitet
0ca8c392-3634-4307-b97a-5c54d20aa1b8,VicusTuscus
c5daac2c-6211-4837-9a0d-271509e81799,schrederfish
6651396a-1267-4343-9ad1-a9780ef534f0,Zuior17
56aa6573-e4c9-4886-ba0b-066708842d5a,BlockTOP2011
7ab8d79d-ead1-4cc5-8e97-9de22e015b57,I_am_Lama
d06ebb85-fb82-4065-b3e3-395951dbcc42,JojoE54321
dcb89a28-f6a9-4cf3-abc5-e5ac4669f2f5,XATUL_MMX
64f2d191-3392-440c-9195-0072c8886f51,renet583
278dcea3-99a1-4934-920a-5e8c28841672,Femay2010
80583b9b-cd5f-4bb9-8208-672a8acbb870,MoinM3ister
f53c0400-849a-4c65-9ac9-75ea7c1431bb,Heinz3277
124e42b3-a52c-434b-a685-d0433b8c769e,Niki_Boss
250f5dd0-b0a4-45c7-a6ea-081384ed2182,zNussMonster
76170299-83bf-44ad-9b03-c65ab0c1cd10,Growing_Potato
